{
  "project_info": {
    "project_number": "1070727904600",
    "firebase_url": "https://instanotesv1-a4682.firebaseio.com",
    "project_id": "instanotesv1-a4682",
    "storage_bucket": "instanotesv1-a4682.appspot.com"
  },
  "client": [
    {
      "client_info": {
        "mobilesdk_app_id": "1:1070727904600:android:93f2ac7c626cef78",
        "android_client_info": {
          "package_name": "mcproject.instanotesv1"
        }
      },
      "oauth_client": [
        {
          "client_id": "1070727904600-q38f5ki323rvq527622cqtmvfkces9ip.apps.googleusercontent.com",
          "client_type": 1,
          "android_info": {
            "package_name": "mcproject.instanotesv1",
            "certificate_hash": "6af4c7c6065d002cff4a02e8dbce1eef296ff2a0"
          }
        },
        {
          "client_id": "1070727904600-817dkb910mkk68hk4n5pns5q9hra5cdl.apps.googleusercontent.com",
          "client_type": 1,
          "android_info": {
            "package_name": "mcproject.instanotesv1",
            "certificate_hash": "116bd4d0956c968f184226fbc0dbb96ab0304fcb"
          }
        },
        {
          "client_id": "1070727904600-7fupa5069b0ulvn7pq412phg6ebo4sun.apps.googleusercontent.com",
          "client_type": 1,
          "android_info": {
            "package_name": "mcproject.instanotesv1",
            "certificate_hash": "a216b19f86b0a9274c3262b374fa9ca9ee9ee2e0"
          }
        },
        {
          "client_id": "1070727904600-749hqh8d8utotcfruh314032qk6p161i.apps.googleusercontent.com",
          "client_type": 3
        }
      ],
      "api_key": [
        {
          "current_key": "AIzaSyAfHKt-57APl3jn5b04tVndAKmNMRgde-k"
        }
      ],
      "services": {
        "analytics_service": {
          "status": 1
        },
        "appinvite_service": {
          "status": 2,
          "other_platform_oauth_client": [
            {
              "client_id": "1070727904600-749hqh8d8utotcfruh314032qk6p161i.apps.googleusercontent.com",
              "client_type": 3
            }
          ]
        },
        "ads_service": {
          "status": 2
        }
      }
    }
  ],
  "configuration_version": "1"
}